RecordNo,Релевантность,Таксономия релевантные,Таксономия не релевантные,Длина отзыва,Ценности
3366,0,0,0,0,1
3952,0,1,0,1,0
6852,0,0,0,0,1
4586,0,0,0,1,1
4677,0,1,0,0,0
3822,0,1,0,0,1
2701,0,0,1,1,0
1331,0,1,0,1,0
6285,0,0,1,0,0
3255,0,1,0,0,0
5792,0,1,0,1,1
2625,0,0,0,0,1
134,0,0,0,0,0
6927,0,0,0,0,1
2017,0,0,0,1,1
5119,0,0,0,0,1
1333,0,0,1,1,0
7849,0,1,0,0,1
5966,0,0,0,0,1
2464,0,0,1,1,0
6334,0,1,0,0,0
919,0,1,0,1,1
4270,0,0,0,0,0
4557,0,0,1,0,0
2689,0,0,1,1,0
1691,0,0,0,1,0
7577,0,1,0,1,1
4418,0,0,1,0,1
79,1,1,1,0,1
1379,0,0,0,0,0
7801,0,0,0,0,0
5072,1,1,0,0,1
479,1,1,0,0,0
3595,0,0,1,1,0
2893,0,1,0,0,1
7655,0,1,0,0,0
7141,0,0,0,0,0
3190,0,0,0,0,1
4054,0,1,0,1,1
2019,0,0,0,1,1
3643,0,1,0,0,0
6427,0,1,0,0,1
7596,1,1,1,0,1
1598,0,1,0,0,1
2491,0,1,0,0,1
5975,0,1,1,1,0
5544,0,0,1,0,0
70,1,1,0,0,1
198,0,1,0,0,0
2016,0,0,0,0,0
5904,0,1,0,0,0
5498,0,0,0,0,0
7500,0,1,0,0,0
3346,0,0,0,1,1
6020,0,0,0,0,1
4833,0,0,0,0,0
807,0,1,1,1,0
4866,0,0,0,0,0
1066,1,1,0,0,1
3693,0,1,0,0,0
5836,0,0,0,1,1
875,0,0,0,0,1
1222,0,0,0,0,0
5243,0,0,1,0,1
5349,0,0,0,0,1
1535,0,0,0,0,1
7514,1,1,0,1,1
7409,0,0,0,0,0
7702,1,1,0,0,1
3104,0,1,0,0,1
6972,0,0,0,0,1
104,1,1,0,0,1
1586,1,1,0,1,1
5999,0,1,0,0,0
7352,0,1,0,0,0
6259,0,0,0,0,1
6624,0,1,0,0,1
4431,1,1,0,0,1
579,0,1,0,1,0
2153,0,0,0,1,1
1001,0,0,0,0,1
1590,0,1,0,1,0
3442,0,0,0,0,0
4246,0,0,0,0,1
4038,0,1,0,1,0
7512,0,1,0,0,0
1834,0,1,0,1,0
114,1,1,0,0,0
1329,0,0,0,0,0
4289,0,1,0,1,0
7453,0,1,0,1,0
7179,0,0,0,0,0
4200,0,0,1,1,0
3628,0,0,0,1,1
2154,0,0,0,0,1
499,0,1,1,0,0
2444,0,0,0,0,0
5334,1,1,0,0,1
305,1,1,1,0,1
1060,0,0,0,0,0
7711,0,1,0,0,0
386,0,1,0,0,1
395,0,0,0,0,0
3047,1,1,0,0,1
6035,1,1,1,0,1
5753,0,0,0,1,1
3609,0,1,0,0,0
4820,1,0,1,0,1
6733,0,1,1,0,0
1847,1,1,0,1,1
68,0,1,0,0,0
7176,1,1,0,0,1
1733,0,1,0,1,1
3812,0,0,0,0,1
4752,0,0,0,1,1
4727,0,1,0,1,0
5447,0,0,0,1,1
7794,0,1,0,1,1
7230,1,0,0,0,1
341,0,0,0,0,0
7764,0,1,0,0,0
1720,0,1,0,0,0
5628,0,0,0,0,1
45,0,0,0,0,1
1393,1,1,0,1,1
5702,0,0,0,1,1
5718,1,0,0,0,1
4861,1,1,1,0,1
3868,0,0,0,1,1
7038,0,1,0,0,0
3700,0,0,0,0,0
6464,0,0,1,1,0
7779,0,0,0,0,0
1146,0,0,0,0,1
2036,0,1,0,0,0
176,0,0,0,1,1
1512,0,0,0,0,0
682,0,0,0,0,0
5865,0,0,0,0,1
7147,0,0,1,0,0
2920,1,1,1,0,1
7401,1,0,0,0,1
7948,0,0,0,0,0
2919,0,0,1,0,0
2219,0,0,0,0,1
501,0,0,1,0,0
4354,0,0,0,0,1
2967,1,1,0,0,1
6738,0,1,1,0,1
2038,0,0,0,0,0
846,0,1,0,0,0
3093,0,0,0,0,0
4147,0,1,0,0,0
916,0,1,0,0,1
6290,1,1,0,0,1
1284,0,1,1,0,0
6209,0,0,0,0,1
6040,1,0,0,0,1
7216,1,1,0,1,1
1340,0,0,0,0,1
6819,0,1,0,1,0
3261,0,0,0,0,0
2151,1,0,0,0,1
4435,1,0,0,1,1
4507,1,1,0,0,1
4929,0,0,0,0,0
5281,0,1,0,0,0
7654,0,1,0,0,1
4782,0,0,0,0,1
1789,0,0,0,0,0
2539,0,1,0,1,1
4641,0,1,0,0,0
5272,1,1,0,1,1
1155,0,0,0,0,0
4892,0,0,0,0,0
5720,0,0,0,0,0
4940,0,0,0,0,1
6855,0,0,1,0,1
1497,0,1,0,0,1
4287,0,0,0,0,1
1718,1,1,0,0,1
6284,0,0,0,1,1
187,0,0,0,0,1
288,0,0,0,0,0
6062,1,0,0,0,1
2367,0,0,0,1,1
669,0,1,1,0,1
41,0,0,0,1,1
7091,0,1,0,1,1
684,0,0,0,0,1
7713,0,0,1,1,0
2177,0,0,0,1,1
2852,0,0,0,0,0
402,0,0,1,0,1
5200,1,1,0,1,1
4772,0,0,0,0,0
5669,1,1,0,0,1
6484,0,0,0,0,0
3683,1,0,0,0,1
5348,0,0,0,0,1
1127,1,1,0,0,1
1723,0,1,0,1,1
1859,0,1,0,0,1
5015,0,0,0,0,0
1480,0,1,0,1,0
7205,0,0,0,0,1
6503,0,1,0,0,0
6123,1,1,0,0,1
5022,0,1,0,0,0
3932,0,1,0,1,1
4653,0,0,0,0,0
4006,0,0,0,0,0
4308,0,0,0,0,0
691,1,1,0,0,1
6212,0,1,0,1,0
5067,0,0,0,0,1
3268,1,1,1,0,1
7475,1,1,0,0,1
398,0,0,0,0,1
1082,0,1,0,0,0
6283,0,1,0,1,0
340,0,0,0,0,0
4725,0,1,0,0,1
1564,0,0,0,0,1
5970,0,1,1,0,1
5989,1,1,0,0,1
7878,1,1,0,0,1
1563,0,1,0,1,0
6232,0,0,0,1,1
1820,0,0,0,0,0
1860,0,1,0,0,0
5117,0,0,0,0,0
5148,1,1,0,0,1
5963,1,0,0,0,1
4010,0,0,0,0,1
169,0,0,0,0,0
5803,1,1,0,1,1
1574,1,0,0,0,1
2598,0,0,0,0,1
2977,0,0,0,0,0
2299,0,0,0,0,0
3808,0,1,0,1,0
7517,0,1,0,0,1
6501,0,0,0,0,0
7298,0,0,0,0,1
4987,0,1,0,1,0
6453,0,1,0,0,0
469,0,0,0,0,0
1330,0,0,0,0,1
433,1,1,0,0,1
2790,1,1,0,1,1
1261,0,1,0,1,1
5797,1,1,0,0,1
3656,1,1,0,0,0
5075,1,0,0,0,1
2266,0,1,0,0,1
1225,0,0,0,1,1
7958,1,1,0,0,1
4523,1,1,1,0,1
2235,1,1,0,0,1
188,0,1,0,0,0
7066,1,1,0,0,1
6580,1,1,0,0,0
802,0,1,0,1,1
6635,0,1,0,0,1
1599,0,1,0,1,1
1739,0,1,0,1,0
475,0,0,1,0,0
5638,1,1,0,1,1
6485,0,0,0,0,1
7871,0,0,0,1,1
1327,0,0,0,0,1
3660,0,1,0,0,0
1849,0,0,0,1,1
5682,0,1,0,1,1
3666,0,1,0,0,0
1137,0,1,0,0,0
5985,0,1,0,0,0
6387,0,1,0,1,1
7403,0,0,0,0,1
2358,0,0,0,0,0
436,0,0,0,0,0
4630,0,0,0,0,1
2717,0,1,0,1,0
4551,0,0,0,1,1
2420,1,1,0,0,1
3355,0,0,0,0,1
5536,0,1,0,0,0
2181,1,1,0,0,1
3218,1,1,0,0,1
1907,0,0,1,0,0
7785,0,0,1,1,1
2759,1,1,0,0,1
1508,0,1,0,1,1
4291,1,1,0,1,1
6864,0,0,0,1,1
7816,0,1,1,0,0
699,0,1,0,0,1
736,0,0,0,0,1
7825,0,0,0,0,0
5523,0,1,0,1,0
1550,0,1,0,0,1
7277,1,1,0,0,1
431,0,1,0,0,0
1862,0,1,0,1,1
1528,0,1,0,1,0
4527,0,1,0,1,1
6914,0,0,0,0,0
6031,0,1,0,1,0
7347,0,0,0,0,0
2259,0,0,0,1,1
6583,1,1,1,0,1
828,0,0,0,0,0
1715,1,1,0,0,1
3698,0,1,0,1,0
3788,0,0,1,0,0
4924,0,1,0,0,0
3082,1,1,0,0,1
7657,0,0,0,0,0
1874,0,0,0,1,1
336,0,0,0,0,0
1020,0,0,0,0,0
5186,0,0,0,0,0
60,1,1,0,0,1
3440,0,0,1,0,0
1717,0,1,0,1,1
821,0,1,0,0,0
6834,0,1,0,0,0
3354,0,0,0,0,1
1437,0,1,0,0,0
2834,0,0,0,1,1
371,0,1,0,0,1
6772,0,0,0,0,0
6593,0,0,0,0,0
786,0,1,0,1,1
1853,0,0,0,0,0
3424,1,1,0,0,1
3783,0,0,0,0,0
4489,1,1,0,0,0
1077,0,0,0,0,1
566,1,0,0,0,1
1947,0,1,0,0,1
2158,0,1,0,1,1
5898,0,1,0,1,1
7841,1,1,0,0,1
6403,0,0,0,0,0
3599,0,0,0,0,0
5613,1,0,0,0,1
5699,0,1,0,1,1
5345,1,0,0,0,0
901,0,0,0,0,1
5088,0,0,0,0,0
1255,0,0,0,0,0
1364,1,0,0,1,1
3176,0,1,1,1,0
7922,0,1,0,0,0
2269,0,0,0,0,0
3016,1,1,0,1,0
2546,1,0,0,0,1
6882,0,0,1,0,0
6146,1,1,0,1,1
1676,0,1,0,0,0
866,0,1,0,0,1
5114,0,1,0,1,1
582,0,1,0,0,0
2208,1,1,0,0,1
3363,1,1,0,0,0
6606,0,0,0,0,0
2327,1,0,0,0,1
5746,1,1,0,0,1
1570,0,0,0,0,0
7339,0,1,0,0,0
6622,1,1,1,0,1
3223,0,0,0,1,1
6946,0,0,0,1,1
4171,0,0,0,1,1
4994,1,1,0,0,1
7523,0,0,0,0,0
7340,0,0,0,0,1
3509,0,1,0,1,0
1561,0,0,0,0,1
5376,1,0,0,0,1
7430,0,0,0,1,1
4802,0,1,1,0,0
657,0,0,0,0,0
7681,0,0,0,1,1
7509,0,0,0,0,1
1953,0,1,0,0,1
7556,0,0,0,0,1
2003,0,1,0,1,0
3925,0,0,0,0,0
4222,0,0,0,0,0
4177,0,0,0,0,0
1991,0,0,0,0,1
7023,1,0,0,0,1
2570,0,0,0,0,0
5422,0,1,0,0,1
3694,1,0,0,0,1
6442,0,1,0,1,0
3058,0,1,0,0,0
7418,0,0,0,0,0
3498,0,0,0,0,0
6790,0,0,0,0,0
2404,1,1,0,0,1
5786,0,0,0,1,1
1325,1,1,0,0,1
5161,0,1,0,0,0
617,0,1,0,0,0
1529,0,1,0,1,0
7081,0,0,0,0,1
426,0,1,0,0,0
1159,0,0,1,1,1
5037,0,0,0,0,1
3747,0,0,0,0,0
2646,0,0,0,0,1
2661,1,1,0,1,1
2863,1,1,0,0,1
5323,1,1,0,0,1
1190,0,1,1,1,0
2710,0,0,0,0,1
1358,0,0,1,0,1
6311,0,0,0,0,1
3468,0,0,0,0,0
7714,0,0,0,0,0
1224,1,0,0,0,1
3089,1,0,0,0,1
5697,1,1,0,1,0
7737,0,0,0,0,1
6766,1,0,0,0,1
72,0,1,0,1,1
5054,1,1,0,0,1
5328,0,1,0,1,1
6771,0,0,0,0,0
5813,1,1,0,0,1
489,0,0,0,0,0
2609,1,0,0,0,1
6616,1,1,0,0,1
4398,0,0,0,1,1
373,0,0,0,0,0
5229,1,0,0,0,1
1054,0,1,1,0,1
4417,1,1,0,0,0
5277,0,1,0,1,0
1463,0,1,0,0,1
5683,0,1,1,0,1
2972,1,1,0,0,1
2599,0,0,0,0,1
5882,0,1,0,0,1
7134,0,1,0,1,1
4245,0,0,1,0,0
3321,0,0,0,0,1
4601,0,0,0,0,0
6736,0,1,0,1,0
2572,0,1,0,0,1
6260,0,0,0,0,1
4773,1,1,0,0,1
531,0,1,0,1,0
5972,0,1,0,1,1
119,0,0,0,0,0
2504,1,0,0,1,1
1435,1,1,0,0,0
7368,1,1,0,0,1
905,0,0,1,0,0
1382,1,1,0,1,0
2601,0,0,0,0,1
5947,0,0,0,0,1
5601,1,1,0,0,1
1915,1,1,0,0,1
1096,0,0,1,1,0
3838,0,0,0,0,1
6505,1,0,0,0,0
5925,0,1,0,0,1
4776,0,0,0,1,1
6219,0,0,0,1,1
1366,0,0,0,0,1
1445,0,0,0,0,1
7159,0,1,0,1,0
1039,1,1,0,0,1
2802,0,1,0,0,0
4337,0,0,1,0,0
3489,0,0,0,0,0
6161,0,1,1,1,1
2961,0,1,1,0,0
2192,0,1,0,1,0
1770,0,0,0,1,1
4500,1,0,0,1,1
1376,1,1,0,0,1
5004,0,0,0,0,0
2465,0,0,0,0,0
809,1,0,0,0,1
3756,0,1,0,0,1
4087,0,0,0,1,1
1703,1,0,0,0,1
4443,1,1,0,0,1
561,0,0,0,0,0
5124,0,0,1,0,1
7191,0,0,0,0,0
6175,0,0,0,0,1
1999,0,1,1,0,1
2225,0,0,0,1,1
5726,0,1,0,0,0
3651,0,0,0,0,0
6584,1,1,0,0,1
7406,1,1,0,0,1
7872,0,0,0,0,1
1757,1,1,0,0,1
3865,1,0,0,0,1
6188,1,1,0,0,0
5863,0,0,0,0,0
7070,1,1,0,0,1
4265,0,0,0,0,1
855,0,0,0,0,0
2821,0,0,1,1,1
3467,0,1,0,0,0
5172,0,0,1,0,0
4996,0,0,0,0,0
7858,0,0,0,0,0
7440,0,1,0,0,0
852,1,0,0,0,0
6615,1,0,1,0,1
5503,0,0,0,0,1
2445,1,1,0,0,1
4703,0,0,1,0,0
5377,0,1,0,1,0
6137,1,1,0,0,1
7630,1,1,0,1,1
6776,1,0,0,0,1
6721,0,0,0,0,1
3451,0,0,1,0,1
6726,0,0,0,0,0
3386,0,0,0,0,1
4699,0,0,0,0,1
5538,0,0,0,0,0
1488,0,1,0,1,0
4126,1,0,0,0,0
2528,0,1,1,0,1
1359,0,0,0,0,1
4306,0,0,0,0,0
248,1,0,0,0,1
3148,0,1,0,0,1
2006,0,0,0,0,1
4190,1,1,0,0,1
200,0,0,0,1,1
3955,1,1,0,0,1
3475,0,1,0,0,0
1698,0,1,0,1,1
2746,1,1,0,1,1
6868,0,1,0,1,1
1593,0,0,0,0,1
3889,0,1,0,0,0
3773,1,1,0,0,1
6816,0,1,0,1,1
112,0,0,0,1,0
1603,0,0,0,0,0
7802,1,1,0,0,1
672,0,0,0,1,1
5084,1,1,0,0,0
6762,0,1,0,0,1
7163,0,0,0,0,0
1731,0,1,0,1,0
5749,0,0,0,0,1
818,0,1,0,0,1
3604,0,1,0,0,1
6329,0,0,0,0,0
7788,0,0,0,0,1
2372,0,0,1,0,1
5488,0,0,0,0,1
5461,1,1,0,0,1
5102,0,0,0,1,1
2060,0,0,0,0,0
1183,1,1,0,0,1
4878,0,0,0,0,0
4754,0,1,0,0,0
3754,0,0,1,0,0
5900,1,1,0,0,1
3845,1,1,0,0,0
6953,1,1,0,1,1
5790,1,1,0,0,1
1268,0,1,1,0,0
2450,0,1,0,0,0
4886,1,0,0,1,1
3758,0,0,1,1,0
5906,0,1,0,0,0
6570,0,1,0,0,0
634,0,0,0,0,1
1483,1,1,0,0,0
19,1,1,1,0,1
3126,0,0,0,1,1
2139,0,0,1,0,1
6872,0,0,0,1,1
6943,0,1,0,0,1
5864,0,0,0,0,1
6042,0,1,0,0,0
3337,0,1,0,1,1
5915,1,0,0,0,1
3079,0,0,0,0,0
6173,0,1,0,0,0
1984,0,0,0,0,0
383,1,0,1,0,1
7771,0,0,0,0,1
4950,0,1,0,1,0
5489,0,1,0,1,0
6193,0,1,0,0,0
2900,1,1,0,0,1
6022,0,1,1,0,1
1912,1,1,0,0,1
1392,1,1,0,0,1
1996,1,1,0,0,1
5840,0,0,0,0,0
3910,0,0,0,0,1
1491,0,1,1,0,1
5764,1,1,0,1,1
7727,0,1,0,0,1
4823,0,1,0,1,0
7343,0,0,0,1,1
2677,1,1,0,0,1
3697,1,1,0,0,1
3525,0,0,0,0,1
4700,0,1,0,0,0
6961,0,1,0,0,0
4691,0,0,0,1,1
7622,0,0,0,0,1
7483,1,0,0,0,0
7388,0,0,1,0,0
6977,0,0,0,0,0
3481,0,1,0,0,1
2008,0,1,0,1,1
6793,0,1,0,1,0
5106,1,1,0,0,1
50,0,1,0,1,0
2216,0,0,0,0,0
7842,0,0,0,0,0
4334,0,1,1,1,0
2152,0,1,1,1,1
1069,0,0,0,0,1
7331,0,0,0,0,0
1187,1,1,0,0,1
4748,1,1,0,0,0
6291,0,1,0,1,0
520,0,1,1,0,0
5324,0,0,0,0,0
7015,1,1,0,0,1
4300,0,0,0,0,0
3389,0,0,1,0,0
6166,0,1,0,0,1
3894,0,0,0,0,0
4559,0,0,0,0,1
2345,1,1,0,1,1
6552,1,1,0,1,0
213,0,0,0,1,1
3608,0,1,0,1,0
334,0,0,0,0,1
3811,1,1,0,1,1
4164,0,0,0,1,1
2866,0,1,1,0,0
1111,0,0,0,0,0
2846,0,1,0,1,0
4363,1,0,0,0,1
4720,0,0,0,0,0
3490,0,0,0,0,1
1003,0,1,0,0,1
7236,0,0,1,0,0
1517,0,0,0,0,0
2998,0,1,0,0,0
6630,0,1,0,0,0
3414,0,0,0,0,1
5516,1,1,0,0,1
4849,0,1,0,0,0
4492,0,0,0,0,0
2959,0,1,0,0,1
333,0,0,0,0,1
3197,0,1,0,1,0
1956,1,0,0,0,0
2896,1,1,0,0,1
3583,0,0,0,0,1
4902,0,0,1,1,0
7587,0,0,0,1,1
1562,0,0,0,0,0
2220,0,0,0,0,0
7084,0,0,0,0,0
7390,0,0,0,0,0
625,0,0,0,0,1
7461,0,0,0,0,1
4738,0,1,0,1,0
2331,0,1,0,0,0
3335,0,1,1,0,1
7682,0,1,0,0,1
7907,0,0,0,0,1
4030,0,0,0,0,1
4965,0,1,1,0,1
1416,0,0,1,0,1
75,1,1,0,0,1
1315,0,0,1,0,0
1858,0,0,0,0,0
5095,0,1,0,0,0
3902,1,1,0,1,1
502,1,1,0,0,1
3505,0,0,0,0,0
6119,0,1,0,1,1
948,0,0,1,0,0
6706,1,1,0,0,1
550,0,0,0,0,0
746,0,0,0,0,1
7184,0,0,0,0,1
24,0,0,0,0,1
6835,0,0,0,0,1
7142,0,0,0,0,1
1471,0,1,1,1,1
5588,0,0,1,1,0
4440,1,1,0,0,1
5706,0,1,0,1,0
3432,0,0,0,0,1
510,0,0,0,0,0
7247,0,0,0,0,0
1162,0,1,1,1,0
3745,0,0,0,0,1
5466,0,1,0,0,1
2399,1,1,1,0,1
999,0,0,0,0,0
2436,0,0,0,0,0
167,0,0,0,0,0
1662,0,1,0,0,0
2173,0,0,0,0,0
1792,0,1,0,1,0
3042,1,0,0,1,1
7203,1,1,0,0,1
3167,0,1,0,0,1
2550,0,1,0,0,0
1916,1,1,1,0,1
3028,0,0,1,1,0
7725,0,0,0,0,0
2839,0,1,0,0,1
4387,0,0,0,0,0
7575,0,0,0,0,0
6917,0,0,0,0,1
122,1,1,0,0,1
2030,0,0,0,1,1
1248,0,0,1,1,1
3127,1,0,0,0,1
6928,0,1,0,0,1
4927,0,0,0,0,0
6207,0,0,1,0,1
1726,0,1,0,1,1
1866,0,0,0,0,0
6815,0,1,1,0,1
3547,0,1,0,1,0
4163,0,1,0,1,0
1344,1,1,0,0,0
484,0,1,0,0,0
4518,0,0,0,0,0
697,1,1,0,0,1
2520,0,0,0,0,0
3620,0,1,0,1,1
5453,0,0,0,0,0
6873,0,0,0,0,0
4407,0,0,1,1,0
3709,0,0,0,1,1
3855,0,0,0,1,1
4567,0,0,0,0,0
1091,1,0,0,0,1
4704,0,0,0,0,1
381,0,1,1,0,0
4766,1,1,0,0,1
3629,0,1,0,0,1
4528,0,1,0,1,0
3791,0,0,0,1,1
2379,1,1,0,1,1
281,1,1,0,0,1
6866,0,1,0,0,0
3742,0,1,0,0,0
6455,1,1,0,0,1
596,0,1,0,1,1
5778,1,1,0,0,1
3021,0,0,0,1,1
5246,0,0,0,0,1
573,0,0,1,0,1
2542,1,0,0,0,1
113,0,0,1,0,0
335,0,1,1,0,1
7385,0,1,0,1,1
4960,0,1,0,0,0
3801,0,1,0,0,1
6983,0,1,0,0,1
1769,1,0,0,0,1
841,0,1,0,0,1
6016,0,0,0,0,1
3569,1,1,0,0,1
612,0,0,0,0,1
7893,0,1,0,0,0
2898,0,0,1,0,0
845,0,0,0,1,1
5306,0,1,0,1,0
7208,0,0,0,0,0
7171,0,1,0,1,0
6519,1,1,0,0,0
1228,1,1,0,1,1
7374,1,0,0,0,1
5138,0,1,0,1,0
5313,0,0,0,1,1
3574,0,1,1,0,0
7540,0,1,0,0,1
6695,0,1,0,0,1
6235,0,0,1,0,0
3684,0,0,0,0,0
915,1,1,0,1,1
7950,0,1,1,0,0
4946,1,0,0,0,1
2795,0,1,0,0,0
2084,1,1,0,1,1
3741,0,0,1,0,1
1987,0,0,0,0,0
5659,0,0,0,0,0
2278,1,0,0,0,1
3084,0,0,0,0,0
628,1,0,0,0,0
5366,1,0,0,0,1
7733,1,0,0,0,1
2385,1,1,0,1,1
2761,0,1,0,0,0
1796,0,1,1,0,1
1320,0,0,0,0,0
1110,0,0,0,0,0
2664,1,1,0,1,1
3626,0,0,0,0,0
7260,0,0,0,0,1
22,0,0,0,0,0
6211,0,0,1,1,0
7042,0,0,1,1,0
7863,0,0,0,0,0
2892,1,0,0,1,1
5581,0,1,0,1,0
7137,1,0,0,0,1
3964,0,1,1,0,0
7476,0,0,0,0,1
3874,0,0,0,0,0
2424,0,0,1,0,1
7346,0,0,0,0,1
5822,0,0,0,0,0
6925,1,1,0,0,1
5073,0,1,0,1,1
5773,1,1,0,1,0
4156,0,0,1,0,1
1618,0,1,0,0,0
7760,0,1,1,0,1
7105,0,0,0,0,0
4809,1,1,1,0,1
7437,0,1,0,1,0
7674,0,0,0,0,0
2276,1,1,1,0,1
6729,1,1,0,0,1
3175,0,0,0,0,1
1786,1,1,0,0,1
2505,0,0,0,1,1
6922,0,0,0,0,0
2857,0,1,0,0,0
5240,0,0,0,0,1
1510,1,0,0,0,1
2506,0,0,0,0,1
4405,0,0,0,0,1
5597,0,0,0,0,1
4744,0,0,1,1,1
1234,0,0,0,1,1
7245,0,1,0,0,1
4400,0,1,0,1,0
5845,0,0,1,1,0
3732,0,0,1,0,0
7204,0,0,0,1,1
3272,0,1,1,1,0
1088,0,0,1,0,1
1816,0,0,0,0,1
7789,0,1,0,0,0
5197,0,1,0,1,0
6904,1,0,1,0,1
7307,0,0,0,0,1
2311,0,1,0,1,0
6303,0,0,0,0,0
6940,1,1,0,0,1
1191,0,0,0,1,1
4859,0,0,0,1,1
1332,1,0,0,0,1
4872,0,1,0,1,1
259,0,0,0,0,0
2355,0,1,0,0,1
59,0,1,0,0,1
1450,0,0,0,1,1
1095,0,0,0,0,0
964,0,1,0,1,0
4922,0,1,0,0,1
4044,1,1,0,1,1
7644,0,1,0,1,1
3142,1,1,1,1,1
3669,1,1,0,0,1
1262,1,1,0,0,1
4964,0,0,0,0,0
1357,0,0,0,0,0
6028,0,0,0,0,0
6249,0,1,0,0,1
6010,0,1,0,0,0
1318,1,1,0,0,0
2844,0,0,1,0,1
1978,0,1,0,0,0
7629,0,0,0,1,1
4650,0,0,0,0,0
329,1,1,0,0,1
1161,0,1,0,1,1
6660,0,1,0,0,1
6247,0,1,1,0,0
5609,0,1,0,0,1
5070,0,0,1,0,0
1839,0,1,0,1,1
2642,1,0,0,1,1
6337,1,0,0,0,1
3055,1,1,0,0,0
636,0,1,0,1,1
2565,1,1,0,0,1
2187,0,1,0,1,1
1975,1,1,1,0,1
4737,1,1,0,0,0
3384,0,0,0,0,0
4422,0,0,0,1,1
3500,1,1,0,0,1
7218,0,0,0,1,0
3067,0,0,0,0,0
4698,0,1,0,0,1
6038,0,0,0,0,0
7121,1,1,1,0,1
3112,0,1,0,0,0
3918,0,1,0,0,0
658,0,0,1,1,1
2102,1,1,0,1,1
6381,0,1,0,0,0
202,0,1,1,0,0
1754,0,0,0,1,1
4669,0,1,0,1,1
2902,1,1,0,0,1
4465,1,0,0,0,0
788,0,0,0,0,0
7947,0,0,0,0,1
5100,1,1,0,0,1
1606,0,0,1,0,0
1229,1,1,0,0,1
7183,0,0,1,0,0
453,0,1,0,1,0
2584,0,0,0,0,0
4077,0,1,0,0,1
797,1,1,0,0,1
7581,1,0,0,0,1
5131,0,1,0,1,1
7675,0,1,0,0,1
5959,1,0,0,0,1
2828,1,1,0,0,1
3962,0,1,0,0,0
4209,0,1,0,1,0
2627,0,1,0,0,0
7698,0,0,0,0,0
7612,0,1,0,0,0
483,0,0,1,0,1
7252,0,1,0,1,1
970,0,0,0,0,1
2619,0,0,0,0,0
3580,0,0,0,0,0
4366,1,0,0,0,0
6555,1,0,0,0,0
856,0,1,0,0,1
4607,0,0,0,1,1
3920,0,0,0,0,0
3963,0,1,0,0,1
7548,0,1,0,0,0
4352,1,1,0,0,1
1237,1,0,1,0,1
6402,0,0,0,0,0
5228,0,1,0,1,0
4062,1,1,1,0,1
6803,0,1,1,0,0
5445,0,1,0,1,1
3573,0,0,1,0,1
7063,0,1,0,0,0
5179,0,0,0,0,0
6831,0,0,0,0,0
4619,0,1,0,0,1
3848,0,0,0,0,0
5787,0,0,0,0,1
6861,0,1,0,0,1
3559,0,0,0,0,1
6775,0,0,0,1,0
4876,1,1,0,0,1
1611,0,0,0,1,1
3211,0,1,1,0,0
1362,0,1,1,0,0
2779,1,1,0,0,1
6674,0,1,0,1,1
7089,1,1,0,0,1
313,0,0,0,0,1
2164,0,0,0,0,0
1193,0,0,0,0,1
525,0,0,0,1,1
4746,0,1,0,0,1
920,0,1,0,0,0
1771,0,0,0,1,1
4450,0,0,0,1,1
5716,0,0,0,0,0
7656,0,0,0,0,0
5710,1,0,0,0,1
5782,0,0,0,1,1
605,0,0,0,1,1
803,0,0,0,0,0
2309,1,1,0,0,1
4016,0,0,0,0,0
5341,0,0,0,0,0
1763,0,0,0,0,1
2015,1,0,0,0,0
6637,0,0,0,0,0
5860,1,1,0,1,1
2782,1,1,0,0,1
7721,1,1,0,0,0
1776,1,1,0,0,1
7086,0,0,1,0,1
5831,0,1,1,0,0
5725,0,1,0,1,0
7362,1,1,1,0,1
2071,1,0,0,0,1
5657,0,1,0,0,1
5916,0,0,0,0,1
3988,0,1,0,0,0
748,0,1,0,0,0
957,0,0,0,1,1
7212,0,1,0,0,0
3170,1,0,0,0,1
2854,1,1,0,0,1
6216,1,1,0,0,1
1878,0,0,0,0,0
6590,0,0,0,1,1
2964,0,0,0,0,0
7632,1,1,0,0,1
1509,0,0,0,0,1
5632,0,1,0,0,1
5817,1,1,0,0,1
1642,0,0,0,0,0
3617,1,1,1,0,1
4382,1,1,0,0,1
2146,1,1,0,0,1
2622,0,0,0,0,1
975,0,1,0,1,0
7087,0,0,0,0,1
645,0,0,1,0,1
5780,0,0,0,1,1
5794,1,1,0,0,1
1348,0,0,0,0,0
5152,0,0,0,0,1
33,0,0,0,0,1
4022,0,0,0,0,1
263,1,1,1,0,1
1351,0,0,0,1,1
3232,1,1,0,0,1
4521,0,1,0,0,0
6867,0,0,0,0,1
6045,0,0,0,0,0
6697,0,0,0,0,1
7030,0,0,0,0,1
238,0,0,0,1,1
2523,0,0,0,0,1
6508,0,1,0,0,0
5671,0,1,0,0,0
137,0,1,0,1,0
3263,0,0,0,0,0
4692,0,1,1,1,1
6258,1,1,0,0,1
1704,1,0,0,0,1
842,0,1,0,1,1
30,0,0,0,0,0
5679,1,0,0,0,1
2569,0,0,0,0,1
175,1,1,0,0,1
2073,0,0,0,0,0
2211,0,1,0,0,1
5522,0,1,0,1,0
2396,0,1,0,1,0
6601,0,1,0,1,0
1141,0,0,0,0,0
6847,0,0,0,0,1
3417,0,1,0,0,0
284,0,1,0,0,0
5419,1,1,0,0,0
5846,1,0,0,0,0
90,1,1,1,0,1
3798,0,1,0,1,0
5570,0,0,0,0,0
1031,0,1,0,0,0
7811,1,1,0,0,1
3982,0,0,0,0,1
292,0,0,0,0,0
864,0,1,0,0,0
5902,0,0,0,0,0
4819,0,0,0,0,0
1890,0,0,1,1,0
4430,1,1,0,0,1
1906,1,1,0,0,1
6012,0,1,1,0,0
4798,0,0,0,1,1
3650,0,0,0,0,0
3906,1,1,0,0,1
20,0,0,1,0,1
7439,1,1,0,0,1
7551,0,1,0,0,0
4742,0,0,0,0,1
3567,1,1,0,0,1
4442,1,0,0,0,1
7344,0,1,0,0,1
4453,0,1,0,0,1
7933,0,0,0,0,0
1115,0,1,0,0,0
4085,0,0,0,0,0
3753,1,1,0,0,1
7564,0,0,1,0,1
4138,0,1,0,1,1
1633,0,1,0,1,1
7522,0,0,0,0,0
3271,0,0,0,0,1
1700,0,1,0,1,0
5736,0,0,0,0,0
5987,0,1,1,1,0
4250,0,1,0,1,1
2522,0,0,0,0,1
6434,0,1,0,1,1
1620,1,1,0,0,1
3111,0,1,0,0,0
1791,0,0,1,1,1
2027,1,0,0,1,1
6657,1,1,0,0,1
7686,1,1,0,0,1
1053,0,0,0,0,1
1389,0,1,0,1,0
6830,0,0,0,0,1
441,0,0,1,0,1
298,0,0,0,1,1
6419,0,1,1,0,0
5793,0,0,0,1,1
6748,0,0,0,1,1
2760,0,0,0,1,1
6268,0,0,0,0,0
5045,1,1,0,0,0
1560,1,1,1,0,1
6747,0,1,0,0,0
1787,0,0,0,0,0
107,0,1,0,0,1
1533,0,0,0,0,0
7002,0,0,0,0,1
2662,1,1,0,0,0
1047,0,1,0,0,1
5268,0,1,0,1,1
4374,0,1,0,0,0
2341,1,1,0,0,1
7503,0,0,0,1,1
3510,0,0,0,0,0
6346,0,1,0,0,0
2053,1,1,0,0,1
1898,0,1,0,0,1
7616,1,1,0,0,1
2440,0,1,0,1,0
6293,0,0,0,0,1
7643,1,1,1,0,0
226,0,0,0,0,1
4273,1,1,0,0,1
4538,0,0,0,1,1
7433,1,0,0,0,1
2339,0,0,0,0,0
5416,0,0,1,0,0
2416,0,0,0,0,1
7896,0,0,0,0,0
5722,0,1,0,0,0
1694,0,0,0,1,1
3009,0,0,0,0,0
2548,0,0,0,0,0
1375,0,0,0,0,0
4556,0,0,1,0,0
5734,0,0,0,0,0
947,0,0,0,0,1
4358,0,1,0,0,0
1179,0,1,0,0,0
5805,0,0,0,0,0
266,0,0,0,0,1
6715,0,1,0,1,0
1386,0,1,0,0,0
3800,0,0,0,0,0
260,0,1,0,0,0
894,0,0,0,0,0
6553,0,1,0,1,0
3378,1,0,0,0,1
665,0,0,0,0,0
5338,0,0,0,0,1
1180,0,0,0,1,1
1542,1,1,1,0,1
6758,1,1,1,1,1
3288,0,1,0,0,1
646,0,0,0,0,0
7916,1,1,1,0,1
3483,0,1,0,0,0
6589,1,0,0,0,1
322,0,1,0,0,1
7498,0,1,0,0,0
7207,0,1,0,0,0
5458,0,0,0,0,1
1283,1,1,0,0,1
5532,1,1,0,0,1
1681,1,0,0,0,0
5737,0,0,0,0,1
5103,0,1,0,0,1
2257,0,0,0,0,1
7775,0,1,0,0,0
3427,0,1,0,0,1
5967,0,0,0,0,1
5876,0,0,0,0,1
5691,0,1,0,1,0
630,1,0,0,0,1
776,0,0,0,0,1
3540,0,1,0,0,1
3070,1,1,0,0,1
2628,1,0,0,1,1
4013,0,0,0,0,0
384,0,1,0,0,0
942,0,0,0,0,1
278,1,0,0,0,1
6828,0,0,0,0,1
4645,0,0,0,0,0
118,0,1,0,0,0
3922,0,1,0,0,0
2116,0,1,0,1,0
4633,0,1,0,0,0
477,0,0,0,0,0
2712,0,0,0,0,0
2643,0,0,0,0,0
2659,0,0,0,0,0
4227,0,0,0,0,0
2654,0,0,1,0,0
3317,0,0,0,1,1
2810,0,0,1,1,0
5478,1,1,0,1,1
6710,0,1,0,0,0
493,1,1,0,0,1
4158,0,0,0,1,1
3162,0,0,0,0,0
1301,0,1,0,1,1
1202,1,1,0,0,1
3043,1,1,0,0,1
6709,0,1,0,1,0
4930,1,1,0,0,0
540,0,0,0,1,1
3790,1,1,1,0,1
2457,1,1,0,0,1
1812,0,1,0,0,0
3967,0,1,0,1,0
1920,0,0,0,1,1
6195,0,0,0,0,0
3545,0,0,0,0,0
3915,0,0,0,0,1
2120,0,1,0,1,0
4581,1,0,0,0,1
4616,1,1,0,0,1
2530,0,0,1,0,0
6006,1,1,0,0,0
1608,1,1,0,0,1
3051,0,0,0,0,0
548,0,0,0,0,0
6686,0,1,1,0,0
3544,0,0,0,0,0
1650,0,0,0,0,1
249,0,0,0,1,1
639,0,0,0,1,1
7572,1,1,0,0,1
4710,1,1,0,0,1
5585,0,1,0,0,0
4088,1,1,0,0,1
5292,1,0,0,0,1
7452,0,1,0,0,0
3668,0,1,0,0,0
3613,1,1,0,0,1
1783,0,1,0,0,0
4781,1,1,0,0,0
6959,0,1,0,0,0
2144,0,0,0,0,0
7743,0,0,0,0,0
1832,0,0,1,1,0
3291,0,0,0,0,0
3381,0,1,0,0,0
5187,1,1,0,0,0
3103,0,1,0,0,0
101,1,1,0,0,1
5384,0,1,0,0,0
7000,1,1,0,0,1
7900,1,1,0,1,0
149,1,1,0,0,1
6881,0,0,1,0,0
4073,0,1,0,0,1
2986,1,1,0,0,1
4259,0,0,0,0,1
1360,0,0,0,0,0
7313,0,1,0,0,0
1988,0,1,0,1,0
4763,0,0,1,0,0
4750,1,1,0,0,1
2739,0,1,0,0,0
2179,0,1,0,0,0
4572,1,1,1,0,1
5784,1,1,1,0,0
7140,0,0,0,0,0
4097,0,1,0,0,1
3086,0,0,0,1,1
1758,0,0,0,0,0
5244,0,0,1,0,1
3226,1,1,0,0,1
7566,0,0,0,0,0
3246,0,0,0,1,1
7351,1,1,1,0,1
7899,0,0,0,0,0
7379,0,1,0,1,0
2470,0,0,0,0,1
2668,0,0,1,0,0
7499,1,1,0,0,1
7623,0,0,0,0,0
496,0,1,0,0,1
2684,0,1,0,0,1
7831,0,1,0,0,0
3472,0,1,0,0,1
585,0,0,0,0,0
668,1,0,0,0,1
6095,1,1,1,0,1
4642,0,1,0,1,1
4822,0,0,1,0,1
4008,0,0,0,0,1
6744,1,1,1,0,1
6598,0,0,0,0,0
7704,1,1,1,0,1
2087,0,1,0,1,0
3057,0,0,0,0,1
2773,1,1,0,0,1
5824,0,1,0,0,0
2624,0,1,0,0,1
4612,1,1,0,0,0
4627,0,0,0,0,0
4295,0,1,1,0,1
490,0,0,0,0,0
2242,0,1,0,0,1
7701,1,0,0,0,1
3558,0,0,0,0,1
2815,0,0,0,0,0
85,1,1,0,0,1
4083,0,0,0,0,1
6869,0,1,0,0,1
6449,1,1,0,0,1
53,1,1,0,0,1
1922,1,1,0,1,1
3777,1,0,0,0,1
3950,0,0,0,0,0
6652,0,0,0,0,0
7663,1,1,0,0,1
5604,0,0,0,0,1
7820,1,0,0,0,0
7806,0,0,0,0,0
1368,1,1,0,0,1
4729,0,1,0,1,0
6791,0,1,0,0,1
577,0,0,0,0,1
4938,0,1,0,0,1
5395,0,0,1,0,0
734,0,0,0,1,1
3764,0,0,0,0,0
3322,1,1,0,0,1
4622,1,1,0,1,1
2984,0,1,0,0,0
161,1,1,0,1,1
7631,1,1,0,0,0
2991,1,1,0,0,1
223,1,1,0,0,1
3455,0,0,1,0,0
6026,1,1,0,1,0
6595,1,0,0,0,1
6564,0,0,0,0,1
3464,0,0,1,0,0
5151,1,1,0,0,1
4575,0,0,0,0,0
581,0,1,0,0,0
6252,0,0,0,0,0
7904,0,0,0,0,0
5660,0,1,0,0,1
6210,0,1,0,1,0
7166,0,0,0,0,0
3129,0,1,0,0,0
7265,0,0,0,0,0
1272,0,0,1,0,0
6421,0,0,1,1,0
7937,0,0,0,0,1
7017,0,0,0,0,0
2778,0,0,0,0,1
4578,0,0,0,1,1
2067,0,1,0,0,1
832,0,0,0,0,0
1685,0,1,1,0,0
7586,1,1,0,1,1
4917,0,0,0,0,0
4390,0,0,0,0,0
1900,0,0,0,0,0
1540,1,1,0,0,1
1854,0,0,0,0,0
7671,1,1,0,0,1
4023,0,0,0,0,0
2780,1,1,0,0,1
89,0,0,0,0,1
5414,0,0,0,0,0
5595,0,0,0,0,1
4495,0,0,0,1,1
6154,0,0,0,0,1
6857,1,1,0,0,1
3646,1,1,0,0,1
6696,0,0,0,0,0
1644,1,0,0,1,1
2069,0,1,0,0,1
2825,0,0,1,0,0
907,0,0,0,1,1
6996,0,1,0,1,1
7902,1,1,1,0,1
66,0,1,0,0,0
4103,0,1,0,0,0
509,1,1,0,0,0
3897,0,0,0,0,0
3316,1,1,0,0,0
4089,1,1,0,0,1
6932,0,0,0,0,1
4721,0,1,0,0,1
1923,1,1,0,0,1
4341,0,0,0,0,0
2556,0,1,0,1,1
536,0,1,0,0,1
5896,0,1,0,0,0
2843,1,1,0,0,1
2270,0,0,0,0,0
5534,0,0,0,0,0
6084,1,1,0,1,1
7926,0,0,0,0,0
5956,1,1,0,1,1
3809,0,1,1,0,0
5852,0,0,0,0,0
5166,0,0,1,0,0
3824,0,0,0,0,0
7786,1,1,0,0,1
4112,0,0,0,0,0
544,0,1,0,1,1
3404,0,0,1,0,0
253,0,0,0,0,1
6767,0,1,0,1,0
4447,0,1,1,0,0
6792,0,0,0,0,0
3113,0,0,0,0,0
1857,0,0,1,0,0
6860,1,1,0,1,1
791,0,1,0,1,0
95,1,1,0,0,1
3172,0,0,0,0,0
2981,0,1,0,1,0
7058,0,0,0,0,0
7465,1,1,0,0,1
4074,0,1,0,0,0
106,0,0,1,0,0
6244,0,0,0,0,0
2285,1,1,0,0,1
6153,1,1,0,0,1
2614,0,0,1,0,0
1663,0,1,0,0,1
6341,1,0,1,0,1
7568,0,1,0,1,0
4531,0,0,0,0,0
6336,0,1,0,0,0
7069,0,0,0,0,1
3320,0,1,0,0,0
7459,0,0,0,0,0
438,1,1,0,0,1
1017,0,1,0,0,0
353,0,0,0,1,1
3373,1,0,0,0,1
690,0,1,0,0,1
2329,0,0,1,0,0
4753,0,1,0,1,0
5526,0,1,0,1,1
4376,0,1,0,1,1
3230,0,0,0,1,1
835,1,1,0,0,1
6179,0,1,1,0,1
4827,0,1,0,0,1
5025,0,0,0,0,1
6714,0,1,0,1,0
5525,1,1,0,0,1
2412,1,1,0,0,1
6499,0,1,1,0,0
2965,1,1,0,0,1
157,0,0,0,0,0
985,0,1,0,0,0
4466,0,0,0,0,1
715,0,1,0,1,0
562,0,0,0,0,0
289,1,0,0,0,1
4397,1,1,1,0,1
4014,0,1,0,0,0
6669,0,1,1,1,1
5988,1,1,0,0,1
1541,1,1,0,0,1
2447,0,1,0,1,0
6197,0,1,0,1,0
3815,0,0,0,0,1
7302,0,1,1,0,0
1100,1,1,1,0,0
4972,0,0,1,0,1
7524,0,0,0,0,0
2141,0,1,1,0,0
987,1,0,0,0,1
6394,0,0,0,0,1
3344,0,1,0,0,0
1310,0,1,0,0,0
4015,0,0,0,0,1
4953,0,0,0,0,1
1665,0,0,0,0,0
6851,0,0,0,1,1
2488,0,1,0,1,1
5695,0,0,0,1,1
6786,0,1,0,0,1
675,0,1,0,0,0
918,0,0,0,1,1
4735,0,1,0,1,1
2695,1,0,0,1,1
2458,0,1,0,0,0
5744,0,1,0,0,0
5269,1,1,0,0,1
2449,1,1,0,1,1
1732,1,1,0,0,1
6717,1,1,1,0,1
1519,1,1,0,0,1
6382,0,0,0,0,0
1544,1,1,0,0,1
5810,0,0,0,0,1
5288,0,1,0,1,1
3217,0,0,0,1,1
227,1,1,0,0,1
771,0,0,0,0,1
6937,0,1,0,0,0
7253,0,1,0,0,0
5743,1,0,0,1,1
7442,1,0,0,1,1
3601,0,0,0,0,0
207,0,1,1,1,1
7508,0,1,0,0,0
642,0,0,0,0,1
6292,0,0,0,0,0
4569,0,0,0,0,1
833,0,1,1,0,1
7007,0,0,0,0,0
2596,0,0,0,0,0
5314,0,1,0,1,1
399,0,0,1,0,0
1524,0,1,0,0,0
7466,1,1,0,0,1
2000,1,0,0,0,1
6263,0,0,0,0,0
3819,1,1,0,0,0
5069,0,1,0,0,1
2463,0,0,1,0,1
3401,0,1,0,0,0
2115,0,0,0,0,1
551,0,0,0,0,0
3938,1,1,0,0,1
3315,0,0,1,0,1
5596,0,0,0,0,1
5777,0,1,0,1,1
3097,0,1,0,0,1
847,0,0,0,0,0
5727,0,0,0,0,1
2636,0,1,0,0,0
5383,1,0,0,0,1
5295,0,0,0,0,0
405,0,1,0,0,0
3247,1,1,0,0,1
362,0,0,1,1,0
3029,0,1,0,1,0
3546,0,0,1,0,0
2567,0,1,0,0,0
1977,1,1,0,0,1
498,0,0,0,0,0
6877,0,0,0,0,0
7892,1,0,0,0,1
2772,1,1,0,0,1
4948,1,1,0,0,1
906,0,1,0,0,0
4553,0,0,0,0,0
3039,0,1,0,1,0
6099,0,0,0,0,0
4357,0,0,0,0,0
3943,0,0,0,1,1
4243,0,1,0,0,0
3909,0,1,0,0,0
6469,0,0,0,0,1
3725,0,0,0,0,1
3375,0,1,0,0,1
7320,1,1,0,1,1
1637,0,0,0,0,0
7791,0,1,0,1,0
2870,1,1,0,0,1
3370,0,0,0,0,1
5076,0,0,1,1,0
1391,1,1,0,0,0
6344,0,1,1,0,0
5122,0,0,0,1,1
5973,0,1,0,0,0
1434,0,1,0,0,1
5935,1,1,0,0,1
5553,1,1,0,0,1
4067,0,1,0,0,1
2502,1,1,0,0,1
3530,0,0,0,0,1
5713,0,1,0,1,1
3981,1,1,1,0,1
5058,0,0,0,1,1
4592,0,1,0,1,0
4777,0,0,1,0,1
4956,0,1,0,1,0
3671,0,1,0,0,0
6506,0,0,0,0,0
3867,1,1,1,0,1
99,0,0,0,0,0
2209,0,0,0,0,0
3799,0,0,0,0,0
2142,0,0,0,0,1
81,0,1,0,1,0
5332,0,0,0,0,0
1201,0,1,0,0,0
440,0,1,0,0,1
4124,0,0,0,1,1
5394,1,1,0,0,1
4525,0,1,0,1,1
7835,0,0,0,0,0
1803,0,0,0,0,0
2820,1,1,0,0,1
4433,1,1,0,0,1
6204,0,1,0,0,0
7300,1,1,0,0,1
1629,0,0,1,0,0
2679,0,0,0,0,0
7607,0,1,0,0,0
5923,0,0,1,0,1
7468,0,0,0,0,1
5464,1,1,0,0,1
1781,1,1,0,1,1
5062,0,0,0,0,0
5116,0,0,0,0,0
5591,1,1,0,0,1
3026,1,1,0,0,0
5033,0,0,0,0,1
39,0,0,0,1,1
2047,0,0,0,0,0
476,0,0,0,0,1
4844,0,1,0,1,0
507,0,1,0,1,0
7913,1,1,0,0,1
3068,0,1,0,0,1
2106,1,0,0,0,1
1948,0,1,0,0,1
3968,0,0,0,0,1
6338,0,0,0,0,1
6189,0,1,0,0,0
4409,0,0,0,0,0
6655,1,1,0,0,1
5369,0,0,0,0,0
7530,0,1,0,0,0
3768,0,0,0,1,0
3362,1,0,0,0,1
4122,1,1,0,0,1
716,0,1,0,1,0
4223,0,0,0,0,1
5514,0,1,0,0,1
2167,0,1,0,0,0
6781,0,0,0,1,1
3857,0,0,0,0,0
2916,0,1,0,0,1
2678,1,1,0,0,1
4080,0,0,0,0,1
5909,0,1,0,0,0
4993,0,1,0,0,1
462,0,1,0,1,0
1236,1,0,0,0,1
7867,0,0,0,1,1
262,0,0,1,1,0
5775,0,0,0,1,1
3050,1,1,0,0,1
865,0,0,0,1,1
6296,1,0,0,0,1
766,0,1,0,0,0
2421,1,1,0,0,1
7242,0,1,0,0,1
7014,0,1,0,0,0
7669,1,0,0,0,0
6092,0,0,1,0,0
7940,0,0,0,0,0
4017,0,0,1,0,0
707,1,1,0,0,1
6757,0,1,0,1,1
3566,0,1,0,0,0
1921,0,0,0,0,0
4166,1,1,0,0,1
543,0,1,1,1,0
7213,0,0,1,1,0
7781,0,0,0,1,1
5149,0,1,0,1,0
1028,0,1,0,0,1
6396,0,1,0,0,0
7233,0,1,0,0,1
717,0,0,0,0,1
6053,1,1,0,0,1
7426,0,1,1,0,0
273,0,0,0,1,1
3192,0,1,0,1,0
1957,0,0,0,0,0
2455,0,1,0,1,1
711,0,0,0,0,0
2724,0,1,0,0,1
7471,0,1,0,0,0
6070,1,1,0,1,0
5829,0,0,0,0,1
6936,0,1,0,0,0
7768,1,1,0,1,1
189,1,1,0,0,1
3605,0,0,0,0,0
917,1,0,0,0,0
1576,0,0,0,0,1
6358,1,0,0,0,1
6979,0,0,0,1,1
3780,0,1,0,1,0
1203,1,1,1,0,1
770,1,1,0,0,1
6825,0,1,1,0,1
5586,0,0,0,0,0
3060,0,1,1,0,0
5883,1,0,0,1,1
2204,0,1,0,0,1
3957,0,1,0,0,1
6116,1,1,0,0,1
912,1,1,0,0,1
4543,0,0,0,1,1
518,0,1,0,0,1
611,0,1,0,1,0
2962,0,0,0,0,0
3275,1,0,0,0,1
1157,0,0,0,0,0
1565,0,0,0,1,1
485,0,0,0,0,0
5754,0,1,0,0,1
6962,0,0,0,1,1
4869,0,0,0,0,1
5301,0,1,0,1,0
2845,1,1,0,0,1
5204,0,1,0,1,1
4897,0,0,0,0,0
3461,1,1,0,1,1
296,1,1,0,0,1
3511,0,1,0,1,0
4676,0,0,0,0,0
241,0,0,0,0,1
3327,0,0,1,0,0
83,0,0,0,0,1
1615,1,0,0,0,1
370,0,1,0,1,0
2700,0,0,0,1,1
7756,0,1,0,1,0
6958,0,0,0,0,1
7705,0,0,0,0,1
1654,0,1,1,0,1
5808,0,0,1,0,1
3998,0,1,0,0,1
2002,0,0,1,1,0
963,0,0,0,1,1
7515,0,0,0,0,0
5680,0,0,0,0,1
6162,1,1,0,0,0
5740,0,0,1,0,0
1896,0,1,0,1,1
1147,0,0,0,0,1
1407,0,0,0,0,0
2592,1,1,0,0,1
7073,0,1,1,0,0
206,0,0,0,1,1
3986,0,0,0,0,1
3488,0,0,0,0,0
3767,1,1,0,0,1
7953,0,1,0,0,1
3477,1,0,0,0,1
6588,0,0,0,1,1
3313,0,0,0,0,0
1013,1,1,0,0,1
588,0,0,1,1,0
1619,1,1,0,0,1
6439,0,1,1,1,0
5993,0,1,1,0,0
5005,0,0,0,0,0
2442,1,0,0,0,1
7609,1,0,0,0,1
1960,1,0,0,0,1
1243,0,0,0,0,0
2796,0,1,0,1,0
7288,0,0,0,0,0
7469,0,0,0,0,1
6858,1,1,0,1,1
3549,0,0,1,1,0
6130,1,0,1,0,0
1246,0,0,0,0,1
3821,0,0,0,1,1
6389,0,0,0,1,1
3590,0,0,0,1,1
2490,0,1,1,0,0
409,1,1,0,0,1
3900,0,1,0,0,1
1306,1,0,0,0,1
1989,0,0,0,0,0
7419,0,0,1,0,0
4084,0,1,0,0,1
7815,0,1,0,1,0
7248,0,0,0,0,0
613,0,0,0,0,1
608,0,1,0,1,1
7010,0,0,0,0,0
5507,0,1,0,1,1
6761,0,1,0,0,1
1552,0,0,0,0,1
6097,0,1,0,0,0
3577,0,0,1,0,0
2050,0,0,0,0,0
3309,0,1,0,1,1
4954,0,0,0,0,0
4838,0,1,1,1,0
4367,0,0,0,0,0
6490,0,0,0,1,1
5080,1,1,0,0,1
4983,1,1,0,0,1
3203,0,1,0,0,1
952,0,1,0,0,0
1418,0,0,0,0,1
7590,0,1,0,0,0
2966,0,1,0,0,1
6354,0,1,0,1,0
308,0,0,1,0,1
7529,0,1,1,0,1
3603,1,1,0,0,1
4949,1,1,1,0,1
4456,0,0,0,0,1
7746,0,1,0,0,0
1171,0,1,0,0,0
3948,0,1,0,1,1
7022,1,1,0,0,1
209,1,1,0,0,1
3105,1,0,0,0,1
56,0,0,0,0,1
1166,0,0,0,0,0
2881,0,1,0,0,1
5629,0,1,0,0,0
3328,0,0,0,1,1
7647,1,0,0,1,1
1299,0,1,0,0,1
1628,1,1,0,0,1
7416,0,0,0,1,1
12,0,0,0,0,0
348,1,1,0,0,1
1728,0,1,0,1,1
1035,0,0,0,0,1
3792,0,0,0,0,0
3289,0,0,0,0,1
5856,0,0,0,1,1
4381,0,0,0,0,0
3602,0,1,0,1,1
5322,0,1,0,1,0
539,0,0,0,0,1
3769,0,1,0,1,1
272,1,0,0,0,1
7618,0,1,0,1,0
2484,0,0,0,0,0
5870,0,0,0,0,0
5798,0,1,0,1,1
1207,0,0,0,0,1
4027,0,0,1,0,0
6208,0,0,1,0,1
629,0,0,0,0,0
892,1,1,0,0,1
7276,0,0,0,0,0
2868,0,0,0,1,1
2851,0,1,0,0,0
7321,0,1,0,0,0
5032,0,0,0,0,0
1101,0,0,0,0,0
6255,0,0,0,0,0
2333,0,1,0,0,1
5129,0,0,0,0,1
6795,0,0,0,1,1
3073,0,0,1,0,0
3607,1,0,0,0,0
4888,0,1,0,1,1
4307,0,1,1,0,1
6533,0,1,1,0,0
2976,1,0,0,0,1
6143,0,0,0,0,1
1173,0,1,0,0,0
1061,1,1,0,0,1
1607,0,0,0,1,1
7132,0,0,0,0,0
3441,0,0,0,0,1
2949,0,0,1,0,0
1876,1,0,0,0,1
6563,1,1,0,0,1
5396,0,0,0,0,0
1241,0,0,0,0,1
6916,0,0,0,0,0
5667,1,0,0,0,0
372,0,1,1,0,1
2888,0,0,1,0,0
7410,0,0,1,1,1
369,0,0,0,0,1
623,0,0,0,0,1
4490,0,1,0,1,1
2163,1,1,0,0,1
3454,0,0,0,0,0
1679,1,1,0,0,1
3807,1,1,0,0,1
7020,0,0,0,0,1
4116,0,1,0,1,0
4438,0,0,0,1,1
1502,0,0,0,0,0
7446,1,1,0,0,1
6700,0,0,0,1,1
1175,0,0,0,0,0
3398,1,1,0,0,1
3872,0,1,0,0,0
2196,1,1,0,0,1
3437,0,0,0,1,1
4599,0,0,1,0,0
572,0,0,0,0,0
3492,0,1,0,1,1
6613,0,0,0,1,1
2516,0,0,1,0,1
135,0,1,0,0,1
808,1,1,0,0,1
5198,1,1,0,0,1
5637,1,0,0,0,0
3933,1,0,0,0,1
3711,0,0,0,0,0
192,0,1,1,0,1
1730,0,1,0,1,1
3228,0,0,0,0,1
6572,1,1,0,1,1
7680,1,1,0,0,1
4150,0,1,0,1,1
365,0,1,0,0,1
7925,0,0,1,0,0
6003,0,0,0,1,1
1252,1,1,0,0,1
1184,0,0,0,0,0
1825,1,1,0,0,1
2162,0,0,0,0,0
3280,0,0,0,0,0
3456,0,0,0,0,0
2537,1,1,0,1,1
5938,1,1,0,0,0
2055,0,1,0,1,1
3882,0,1,1,0,0
354,0,1,1,0,1
5041,0,0,0,0,0
3049,1,0,0,0,1
4319,0,1,0,0,0
2170,0,0,0,0,1
3140,0,0,0,0,1
4666,0,0,0,0,1
7104,0,0,0,1,1
3200,0,0,0,0,0
4879,0,0,1,1,1
2021,1,0,0,1,1
5285,0,0,0,0,1
2657,1,1,0,0,1
2247,0,0,0,0,0
303,0,1,0,0,0
120,1,1,0,0,1
1129,0,0,0,0,1
4364,0,1,0,0,0
4741,0,0,0,1,1
2494,1,1,0,1,1
2271,0,0,0,0,1
2969,0,0,0,0,0
366,0,0,1,0,1
102,0,0,0,0,1
542,1,1,0,0,1
2766,0,0,0,0,0
4634,1,1,0,0,0
735,0,1,0,0,0
2046,1,1,0,0,1
6447,0,1,0,0,1
447,0,1,0,0,0
7061,1,1,0,0,1
54,0,1,0,0,1
7371,0,1,0,0,0
5821,0,0,0,0,1
1818,1,1,0,1,1
3018,0,0,0,0,0
7402,1,1,0,0,0
1838,0,0,1,1,1
3571,0,0,0,0,0
7823,1,1,0,1,1
3083,0,1,0,0,1
6646,0,0,0,0,1
2571,0,1,0,1,1
1427,0,0,0,0,0
5606,0,0,1,0,0
3994,0,0,0,0,1
7619,0,0,0,1,1
3237,0,0,0,0,1
6773,0,0,1,1,1
5496,0,1,0,0,1
4081,0,1,1,0,0
4470,0,0,0,1,1
3304,1,1,1,0,1
2521,0,1,0,0,1
1625,0,0,0,0,0
389,1,1,0,0,1
6886,0,0,0,1,1
4563,0,0,0,1,1
2475,0,0,0,1,1
4755,1,0,0,0,1
5480,0,0,0,0,0
7001,0,1,0,1,1
1456,0,0,0,0,1
4266,0,0,0,0,0
1505,1,1,0,0,1
5728,0,0,0,0,0
5698,0,1,0,1,1
778,0,0,0,0,1
4980,0,0,0,0,0
2732,1,0,0,0,1
197,0,1,0,1,1
888,0,1,0,1,0
3699,0,0,0,1,1
2899,0,0,0,1,1
1387,0,1,0,1,1
1274,0,0,0,0,0
3534,1,1,0,0,1
2284,1,1,0,0,1
5440,0,1,0,0,0
4460,0,0,0,1,1
512,0,0,0,0,0
2638,0,0,0,1,1
2149,0,0,1,1,0
6225,0,0,1,0,0
851,0,0,1,0,0
5178,0,0,0,0,1
98,1,1,0,0,1
37,1,1,0,0,1
5707,1,1,0,1,0
4107,1,1,0,0,1
4749,1,1,0,0,1
7829,0,0,0,0,0
2241,0,0,0,0,0
836,0,1,0,0,1
2858,0,1,0,0,0
756,1,1,1,0,1
5540,0,0,0,1,1
145,0,0,0,0,0
749,0,1,0,1,1
503,0,1,0,0,0
2578,1,1,0,0,1
6525,0,0,0,0,1
6064,0,0,0,0,1
2980,0,0,0,0,1
4661,0,1,1,0,1
1547,0,0,1,0,0
6071,1,1,0,1,1
3805,1,1,0,0,1
471,0,0,0,1,1
